{
  "Random Forest": {
    "accuracy": 0.6942098273572377,
    "f1_score": 0.6454156272136499,
    "precision": 0.7060646900269542,
    "recall": 0.5943615633331443,
    "auc": 0.7536238319666216
  },
  "Gradient Boosting": {
    "accuracy": 0.6951660026560424,
    "f1_score": 0.6480203637255805,
    "precision": 0.7053678728802243,
    "recall": 0.599296613534517,
    "auc": 0.7523065356790878
  },
  "Logistic Regression": {
    "accuracy": 0.6418857901726428,
    "f1_score": 0.5853298477625712,
    "precision": 0.6392583635630794,
    "recall": 0.5397923875432526,
    "auc": 0.6818980577512563
  },
  "Ensemble": {
    "accuracy": 0.6952191235059761,
    "f1_score": 0.649114760113751,
    "precision": 0.7041263102029985,
    "recall": 0.6020761245674741,
    "auc": 0.7543529574733867
  }
}